member_id,loan_amnt,funded_amnt,funded_amnt_inv,term,int_rate,installment,grade,sub_grade,emp_length,annual_inc,verification_status,issue_d,loan_status,pymnt_plan,purpose,addr_state,dti,delinq_2yrs,inq_last_6mths,open_acc,pub_rec,revol_bal,revol_util,total_acc,initial_list_status,out_prncp,out_prncp_inv,total_pymnt,total_pymnt_inv,recoveries,collection_recovery_fee,last_pymnt_amnt,last_credit_pull_d,collections_12_mths_ex_med,application_type,acc_now_delinq,tot_coll_amt,tot_cur_bal,total_rev_hi_lim
1296599,5000,5000,4975, 36 months,10.65,162.87,B,B2,10+ years,24000,Verified,11-Dec,Fully Paid,n,credit_card,AZ,27.65,0,1,3,0,13648,83.7,9,f,0,0,5861.071414,5831.78,0,0,171.62,16-Jan,0,INDIVIDUAL,0,,,
1314167,2500,2500,2500, 60 months,15.27,59.83,C,C4,< 1 year,30000,Source Verified,11-Dec,Charged Off,n,car,GA,1,0,5,3,0,1687,9.4,4,f,0,0,1008.71,1008.71,117.08,1.11,119.66,13-Sep,0,INDIVIDUAL,0,,,
1313524,2400,2400,2400, 36 months,15.96,84.33,C,C5,10+ years,12252,Not Verified,11-Dec,Fully Paid,n,small_business,IL,8.72,0,2,2,0,2956,98.5,10,f,0,0,3003.653644,3003.65,0,0,649.91,16-Jan,0,INDIVIDUAL,0,,,
1277178,10000,10000,10000, 36 months,13.49,339.31,C,C1,10+ years,49200,Source Verified,11-Dec,Fully Paid,n,other,CA,20,0,1,10,0,5598,21,37,f,0,0,12226.30221,12226.3,0,0,357.48,15-Jan,0,INDIVIDUAL,0,,,
1311748,3000,3000,3000, 60 months,12.69,67.79,B,B5,1 year,80000,Source Verified,11-Dec,Current,n,other,OR,17.94,0,0,15,0,27783,53.9,38,f,766.9,766.9,3242.17,3242.17,0,0,67.79,16-Jan,0,INDIVIDUAL,0,,,
1311441,5000,5000,5000, 36 months,7.9,156.46,A,A4,3 years,36000,Source Verified,11-Dec,Fully Paid,n,wedding,AZ,11.2,0,3,9,0,7963,28.3,12,f,0,0,5631.377753,5631.38,0,0,161.03,15-Sep,0,INDIVIDUAL,0,,,
1304742,7000,7000,7000, 60 months,15.96,170.08,C,C5,8 years,47004,Not Verified,11-Dec,Current,n,debt_consolidation,NC,23.51,0,1,7,0,17726,85.6,11,f,1889.15,1889.15,8136.84,8136.84,0,0,170.08,16-Jan,0,INDIVIDUAL,0,,,
1288686,3000,3000,3000, 36 months,18.64,109.43,E,E1,9 years,48000,Source Verified,11-Dec,Fully Paid,n,car,CA,5.35,0,2,4,0,8221,87.5,4,f,0,0,3938.144334,3938.14,0,0,111.34,14-Dec,0,INDIVIDUAL,0,,,
1306957,5600,5600,5600, 60 months,21.28,152.39,F,F2,4 years,40000,Source Verified,11-Dec,Charged Off,n,small_business,CA,5.55,0,2,11,0,5210,32.6,13,f,0,0,646.02,646.02,189.06,2.09,152.39,12-Aug,0,INDIVIDUAL,0,,,
1306721,5375,5375,5350, 60 months,12.69,121.45,B,B5,< 1 year,15000,Verified,11-Dec,Charged Off,n,other,TX,18.08,0,0,2,0,9279,36.5,3,f,0,0,1476.19,1469.34,269.29,2.52,121.45,13-Mar,0,INDIVIDUAL,0,,,
1305201,6500,6500,6500, 60 months,14.65,153.45,C,C3,5 years,72000,Not Verified,11-Dec,Fully Paid,n,debt_consolidation,AZ,16.12,0,2,14,0,4032,20.6,23,f,0,0,7677.52,7677.52,0,0,1655.54,15-Dec,0,INDIVIDUAL,0,,,
1305008,12000,12000,12000, 36 months,12.69,402.54,B,B5,10+ years,75000,Source Verified,11-Dec,Fully Paid,n,debt_consolidation,CA,10.78,0,0,12,0,23336,67.1,34,f,0,0,13943.08,13943.08,0,0,6315.3,13-Aug,0,INDIVIDUAL,0,,,
1298717,9000,9000,9000, 36 months,13.49,305.38,C,C1,< 1 year,30000,Source Verified,11-Dec,Charged Off,n,debt_consolidation,VA,10.08,0,1,4,0,10452,91.7,9,f,0,0,2270.7,2270.7,444.3,4.16,305.38,12-Nov,0,INDIVIDUAL,0,,,
1304956,3000,3000,3000, 36 months,9.91,96.68,B,B1,3 years,15000,Source Verified,11-Dec,Fully Paid,n,credit_card,IL,12.56,0,2,11,0,7323,43.1,11,f,0,0,3478.981915,3478.98,0,0,102.43,16-Jan,0,INDIVIDUAL,0,,,
1303503,10000,10000,10000, 36 months,10.65,325.74,B,B2,3 years,100000,Source Verified,11-Dec,Charged Off,n,other,CA,7.06,0,2,14,0,11997,55.5,29,f,0,0,7471.99,7471.99,645.1,6.3145,325.74,14-Mar,0,INDIVIDUAL,0,,,
1304871,1000,1000,1000, 36 months,16.29,35.31,D,D1,< 1 year,28000,Not Verified,11-Dec,Fully Paid,n,debt_consolidation,MO,20.31,0,1,11,0,6524,81.5,23,f,0,0,1270.171106,1270.17,0,0,36.32,16-Jan,0,INDIVIDUAL,0,,,
1299699,10000,10000,10000, 36 months,15.27,347.98,C,C4,4 years,42000,Not Verified,11-Dec,Fully Paid,n,home_improvement,CA,18.6,0,2,14,0,24043,70.2,28,f,0,0,12519.26045,12519.26,0,0,370.46,15-Apr,0,INDIVIDUAL,0,,,
1304884,3600,3600,3600, 36 months,6.03,109.57,A,A1,10+ years,110000,Not Verified,11-Dec,Fully Paid,n,major_purchase,CT,10.52,0,0,20,0,22836,16,42,f,0,0,3785.02,3785.02,0,0,583.45,14-May,0,INDIVIDUAL,0,,,
1294539,6000,6000,6000, 36 months,11.71,198.46,B,B3,1 year,84000,Verified,11-Dec,Fully Paid,n,medical,UT,18.44,2,0,4,0,0,37.73,14,f,0,0,7164.499852,7164.5,0,0,16.98,15-Jul,0,INDIVIDUAL,0,,,
1304855,9200,9200,9200, 36 months,6.03,280.01,A,A1,6 years,77385.19,Not Verified,11-Dec,Fully Paid,n,debt_consolidation,CA,9.86,0,0,8,0,7314,23.1,28,f,0,0,9459.96,9459.96,0,0,8061.1,12-Jul,0,INDIVIDUAL,0,,,
1284848,20250,20250,19142.16108, 60 months,15.27,484.63,C,C4,3 years,43370,Verified,11-Dec,Fully Paid,n,debt_consolidation,TX,26.53,0,3,8,0,17813,85.6,22,f,0,0,27663.04267,25417.68,0,0,6024.09,15-Dec,0,INDIVIDUAL,0,,,
1269083,21000,21000,21000, 36 months,12.42,701.73,B,B4,10+ years,105000,Verified,11-Dec,Charged Off,n,debt_consolidation,FL,13.22,0,0,7,0,32135,90.3,38,f,0,0,14025.4,14025.4,0,0,701.73,16-Jan,0,INDIVIDUAL,0,,,
1304821,10000,10000,10000, 36 months,11.71,330.76,B,B3,10+ years,50000,Source Verified,11-Dec,Fully Paid,n,credit_card,TX,11.18,0,0,8,0,10056,82.4,21,f,0,0,11902.56157,11902.56,0,0,349.21,16-Jan,0,INDIVIDUAL,0,,,
1304810,10000,10000,10000, 36 months,11.71,330.76,B,B3,5 years,50000,Not Verified,11-Dec,Fully Paid,n,debt_consolidation,CA,16.01,0,0,6,0,17800,91.8,17,f,0,0,11536.31,11536.31,0,0,4942.63,14-Mar,0,INDIVIDUAL,0,,,
1304634,6000,6000,6000, 36 months,11.71,198.46,B,B3,1 year,76000,Not Verified,11-Dec,Charged Off,n,major_purchase,CA,2.4,0,1,7,0,5963,29.7,7,f,0,0,2050.14,2050.14,269.31,2.57,198.46,13-Mar,0,INDIVIDUAL,0,,,
1273773,15000,15000,15000, 36 months,9.91,483.38,B,B1,2 years,92000,Verified,11-Dec,Fully Paid,n,credit_card,IL,29.44,0,0,8,0,13707,93.9,31,f,0,0,15823.48,15823.48,0,0,2447.05,12-Sep,0,INDIVIDUAL,0,,,
1304679,15000,15000,8725, 36 months,14.27,514.64,C,C2,9 years,60000,Not Verified,11-Dec,Charged Off,n,debt_consolidation,NY,15.22,0,1,7,0,5872,57.6,11,f,0,0,0,0,0,0,0,16-Jan,0,INDIVIDUAL,0,,,
1304764,5000,5000,5000, 60 months,16.77,123.65,D,D2,2 years,50004,Not Verified,11-Dec,Charged Off,n,other,PA,13.97,3,0,14,0,4345,59.5,22,f,0,0,1609.12,1609.12,260.96,2.3,123.65,13-May,0,INDIVIDUAL,0,,,
1304678,4000,4000,4000, 36 months,11.71,132.31,B,B3,10+ years,106000,Not Verified,11-Dec,Fully Paid,n,debt_consolidation,FL,5.63,1,0,12,0,6110,37.7,44,f,0,0,4484.79,4484.79,0,0,2638.77,16-Jan,0,INDIVIDUAL,0,,,
1278806,8500,8500,8500, 36 months,11.71,281.15,B,B3,< 1 year,25000,Source Verified,11-Dec,Fully Paid,n,credit_card,MN,12.19,0,0,8,0,6441,59.1,12,f,0,0,10122.20861,10122.21,0,0,581.59,15-Jan,0,INDIVIDUAL,0,,,
1261745,4375,4375,4375, 36 months,7.51,136.11,A,A3,7 years,17108,Source Verified,11-Dec,Fully Paid,n,debt_consolidation,NY,20.34,0,0,6,0,11210,86.9,12,f,0,0,4898.543558,4898.54,0,0,144.94,14-Dec,0,INDIVIDUAL,0,,,
1304608,31825,31825,31825, 36 months,7.9,995.82,A,A4,5 years,75000,Verified,11-Dec,Fully Paid,n,debt_consolidation,NJ,14.03,0,0,12,0,23151,27.4,26,f,0,0,34886.08,34886.08,0,0,16966.7,15-Oct,0,INDIVIDUAL,0,,,
1299514,10000,10000,9975, 60 months,15.96,242.97,C,C5,2 years,29120,Verified,11-Dec,Current,n,debt_consolidation,FL,22.83,0,1,11,0,16158,63.6,31,f,2695.31,2688.53,11622.36,11593.4,0,0,242.97,16-Jan,0,INDIVIDUAL,0,,,
1304289,5000,5000,5000, 36 months,8.9,158.77,A,A5,2 years,24044,Verified,11-Dec,Fully Paid,n,debt_consolidation,OR,11.93,0,0,8,0,2224,29.3,16,f,0,0,5714.592129,5714.59,0,0,163.64,16-Jan,0,INDIVIDUAL,0,,,
1291365,7000,7000,7000, 36 months,15.96,245.97,C,C5,7 years,34000,Source Verified,11-Dec,Fully Paid,n,credit_card,CA,6.35,0,1,6,0,6113,60.5,6,f,0,0,8848.94043,8848.94,0,0,260.74,14-Dec,0,INDIVIDUAL,0,,,
1304589,12400,12400,12400, 36 months,10.65,403.91,B,B2,10+ years,41000,Not Verified,11-Dec,Fully Paid,n,credit_card,KY,11.8,0,2,9,0,11095,57.2,12,f,0,0,14537.45953,14537.46,0,0,417.61,14-Dec,0,INDIVIDUAL,0,,,
1304255,10800,10800,10800, 36 months,9.91,348.03,B,B1,2 years,55596,Source Verified,11-Dec,Fully Paid,n,moving,CA,5.5,0,0,7,0,2535,13.3,18,f,0,0,12157.2,12157.2,0,0,3483.79,16-Jan,0,INDIVIDUAL,0,,,
1304251,15000,15000,15000, 36 months,7.9,469.36,A,A4,1 year,45000,Verified,11-Dec,Fully Paid,n,debt_consolidation,OH,8.48,0,0,7,0,6704,50.4,27,f,0,0,16662.6,16662.6,0,0,5872.8,16-Jan,0,INDIVIDUAL,0,,,
1304250,6000,6000,6000, 36 months,12.42,200.5,B,B4,1 year,36852,Source Verified,11-Dec,Fully Paid,n,debt_consolidation,AZ,10.62,0,1,7,0,7310,66.5,12,f,0,0,7125.283165,7125.28,0,0,1923.53,16-Jan,0,INDIVIDUAL,0,,,
1304237,12500,12500,12475, 60 months,12.69,282.44,B,B5,1 year,27000,Verified,11-Dec,Current,n,debt_consolidation,IL,16.04,0,3,6,0,10143,50,24,f,3193.13,3186.72,13506.54,13479.58,0,0,282.44,16-Jan,0,INDIVIDUAL,0,,,
1301955,9600,9600,9600, 36 months,7.51,298.67,A,A3,4 years,68004,Source Verified,11-Dec,Fully Paid,n,other,SC,6.63,0,0,6,0,2896,18.1,11,f,0,0,10749.76265,10749.76,0,0,311.56,14-Dec,0,INDIVIDUAL,0,,,
1304567,12000,12000,12000, 36 months,7.9,375.49,A,A4,10+ years,62300,Not Verified,11-Dec,Fully Paid,n,debt_consolidation,NJ,16.7,0,0,15,0,8601,21,25,f,0,0,13516.38296,13516.38,0,0,380.98,15-Sep,0,INDIVIDUAL,0,,,
1304202,3000,3000,3000, 36 months,18.25,108.84,D,D5,9 years,65000,Not Verified,11-Dec,Fully Paid,n,other,PA,17.39,0,0,8,0,43936,98.1,22,f,0,0,3915.027595,3915.03,0,0,115.38,16-Jan,0,INDIVIDUAL,0,,,
1292332,4400,4400,4400, 36 months,16.77,156.37,D,D2,10+ years,55000,Not Verified,11-Dec,Fully Paid,n,debt_consolidation,RI,20.01,0,0,7,0,25237,99,11,f,0,0,5626.892655,5626.89,0,0,162.44,15-Dec,0,INDIVIDUAL,0,,,
1304526,6000,6000,6000, 36 months,6.03,182.62,A,A1,10+ years,45600,Not Verified,11-Dec,Fully Paid,n,debt_consolidation,LA,5.34,0,1,6,0,3378,32.5,28,f,0,0,6065.86,6065.86,0,0,15.01,12-Jun,0,INDIVIDUAL,0,,,
1282787,14000,14000,14000, 36 months,9.91,451.15,B,B1,6 years,80000,Not Verified,11-Dec,Fully Paid,n,small_business,MA,10,0,1,7,0,2219,13.4,40,f,0,0,16239.91413,16239.91,0,0,457.91,16-Jan,0,INDIVIDUAL,0,,,
1304521,5000,5000,5000, 36 months,8.9,158.77,A,A5,10+ years,100000,Source Verified,11-Dec,Charged Off,n,debt_consolidation,OH,16.33,0,0,17,0,74351,62.1,35,f,0,0,5021.37,5021.37,107,1.07,158.77,14-Dec,0,INDIVIDUAL,0,,,
1304166,10000,10000,10000, 36 months,10.65,325.74,B,B2,6 years,27000,Verified,11-Dec,Fully Paid,n,other,NY,11.47,0,0,7,0,7814,52.3,10,f,0,0,11724.56774,11724.57,0,0,332.92,16-Jan,0,INDIVIDUAL,0,,,
1304171,10000,10000,10000, 36 months,6.03,304.36,A,A1,10+ years,60000,Not Verified,11-Dec,Fully Paid,n,credit_card,CT,12.74,0,1,11,0,14019,19.5,18,f,0,0,10282.67,10282.67,0,0,8762.05,16-Jan,0,INDIVIDUAL,0,,,
1303701,11000,11000,11000, 36 months,6.62,337.75,A,A2,5 years,70000,Not Verified,11-Dec,Fully Paid,n,debt_consolidation,CT,10.85,0,0,5,0,11638,36.4,7,f,0,0,12157.38005,12157.38,0,0,346.13,16-Jan,0,INDIVIDUAL,0,,,
1304123,15000,15000,15000, 36 months,9.91,483.38,B,B1,8 years,80000,Not Verified,11-Dec,Charged Off,n,debt_consolidation,IL,9.12,0,2,9,0,11845,63.7,28,f,0,0,16177.77,16177.77,222.81,36.3708,483.38,15-Mar,0,INDIVIDUAL,0,,,
1302485,25600,25600,25350, 36 months,9.91,824.96,B,B1,9 years,110000,Verified,11-Dec,Fully Paid,n,credit_card,CA,15.71,0,0,11,0,26088,62,27,f,0,0,29695.62268,29405.63,0,0,838.27,16-Jan,0,INDIVIDUAL,0,,,
1304117,7000,7000,7000, 36 months,10.65,228.02,B,B2,< 1 year,40000,Not Verified,11-Dec,Fully Paid,n,debt_consolidation,CA,7.38,0,0,7,0,12168,92.9,12,f,0,0,8205.473816,8205.47,0,0,240.27,14-Dec,0,INDIVIDUAL,0,,,
1304116,12000,12000,12000, 36 months,15.96,421.65,C,C5,4 years,50000,Not Verified,11-Dec,Charged Off,n,car,CA,20.88,0,2,11,0,15793,90.8,11,f,0,0,3521.95,3521.95,578.94,5.49,421.65,12-Dec,0,INDIVIDUAL,0,,,
1303909,12000,12000,12000, 36 months,9.91,386.7,B,B1,1 year,46000,Not Verified,11-Dec,Fully Paid,n,credit_card,TX,8.11,0,1,11,0,12143,52.1,12,f,0,0,13748.21311,13748.21,0,0,964.73,14-Jul,0,INDIVIDUAL,0,,,
1303652,21000,21000,20975, 60 months,19.91,555.33,E,E4,7 years,50000,Verified,11-Dec,Charged Off,n,debt_consolidation,WA,21.58,0,1,7,0,19448,97.6,14,f,0,0,18319.14,18297.35,0,0,555.33,16-Jan,0,INDIVIDUAL,0,,,
1302790,16000,16000,15950, 60 months,19.91,423.11,E,E4,7 years,81000,Verified,11-Dec,Fully Paid,n,credit_card,MA,20.52,0,3,12,0,27884,75.1,21,f,0,0,20876.1,20810.87,0,0,9931.02,16-Jan,0,INDIVIDUAL,0,,,
1302882,10000,10000,10000, 36 months,12.42,334.16,B,B4,< 1 year,39000,Not Verified,11-Dec,Fully Paid,n,debt_consolidation,OR,18.58,0,0,5,0,12874,72.7,10,f,0,0,11474.76,11474.76,0,0,5803.94,15-Mar,0,INDIVIDUAL,0,,,
1274517,10000,10000,10000, 36 months,10.65,325.74,B,B2,2 years,51400,Not Verified,11-Dec,Fully Paid,n,credit_card,TX,19.14,0,3,10,0,10160,59.1,24,f,0,0,10575.94,10575.94,0,0,8627.74,14-Sep,0,INDIVIDUAL,0,,,
1287308,7100,7100,7100, 36 months,16.77,252.33,D,D2,1 year,33000,Verified,11-Dec,Fully Paid,n,debt_consolidation,TX,24,0,2,4,0,6021,91.2,8,f,0,0,9079.334843,9079.33,0,0,262.78,16-Jan,0,INDIVIDUAL,0,,,
1287810,13000,13000,13000, 60 months,12.69,293.74,B,B5,< 1 year,30000,Source Verified,11-Dec,Fully Paid,n,debt_consolidation,NJ,13.72,0,0,17,0,17080,58.9,27,f,0,0,17402.23999,17402.24,0,0,3596.46,16-Jan,0,INDIVIDUAL,0,,,
1277395,17500,8950,8925, 60 months,17.27,223.74,D,D3,6 years,40000,Verified,11-Dec,Current,n,small_business,CA,19.47,0,1,5,0,10724,58.9,6,f,2462.25,2455.34,10713.52,10683.65,0,0,223.74,16-Jan,0,INDIVIDUAL,0,,,
1278095,17675,17675,17675, 60 months,14.65,417.25,C,C3,< 1 year,50000,Source Verified,11-Dec,Fully Paid,n,debt_consolidation,WI,16.46,0,2,6,0,6661,57.4,14,f,0,0,21323.43,21323.43,0,0,13814.81,14-Feb,0,INDIVIDUAL,0,,,
1303549,8000,8000,8000, 36 months,16.77,284.31,D,D2,< 1 year,62000,Not Verified,11-Dec,Fully Paid,n,debt_consolidation,VA,21.64,0,3,14,0,6088,66.9,20,f,0,0,10267.26214,10267.26,0,0,606.54,16-Jan,0,INDIVIDUAL,0,,,
1303778,10000,10000,9975, 60 months,10.65,215.69,B,B2,10+ years,45996,Verified,11-Dec,Charged Off,n,debt_consolidation,OH,21.73,0,1,7,0,11170,30.1,15,f,0,0,8772.91,8751.08,847.3,152.514,1,15-Jun,0,INDIVIDUAL,0,,,
1303750,3500,3500,3500, 36 months,10.65,114.01,B,B2,7 years,55000,Not Verified,11-Dec,Fully Paid,n,debt_consolidation,OH,5.39,0,1,9,0,6611,45.9,12,f,0,0,4103.168128,4103.17,0,0,118.32,14-Dec,0,INDIVIDUAL,0,,,
1303740,12500,8925,8925, 60 months,17.27,223.11,D,D3,5 years,30000,Source Verified,11-Dec,Charged Off,n,debt_consolidation,MN,13.16,0,0,7,1,9844,70.8,28,f,0,0,5577.75,5577.75,22.5,0,223.11,16-Jan,0,INDIVIDUAL,0,,,
1303473,16425,16425,16425, 36 months,14.27,563.53,C,C2,4 years,44544,Source Verified,11-Dec,Fully Paid,n,debt_consolidation,CA,22.71,0,1,10,0,15747,83.4,18,f,0,0,18172.71,18172.71,0,0,13108.71,15-Jul,0,INDIVIDUAL,0,,,
1303528,8200,8200,8200, 60 months,21.28,223.14,F,F2,4 years,75000,Source Verified,11-Dec,Charged Off,n,small_business,CA,12.48,0,3,6,0,9012,73.9,11,f,0,0,4173.57,4173.57,381.89,3.6,223.14,13-Oct,0,INDIVIDUAL,0,,,
1303718,15000,15000,15000, 36 months,14.65,517.42,C,C3,2 years,61000,Verified,11-Dec,Fully Paid,n,credit_card,FL,11.88,0,1,8,0,19397,79.5,18,f,0,0,18562.40042,18562.4,0,0,2533.38,16-Jan,0,INDIVIDUAL,0,,,
1303486,20975,13575,13550, 60 months,17.58,341.63,D,D4,5 years,44000,Verified,11-Dec,Fully Paid,n,credit_card,GA,18.79,0,0,13,1,20657,79.4,21,f,0,0,18097.34458,18064.1,0,0,9245.21,14-Apr,0,INDIVIDUAL,0,,,
1292558,6400,6400,6400, 36 months,16.77,227.45,D,D2,5 years,75000,Not Verified,11-Dec,Charged Off,n,debt_consolidation,CA,20.22,0,0,9,0,7159,67.5,27,f,0,0,4776.45,4776.45,10.29,0,227.45,16-Jan,0,INDIVIDUAL,0,,,
1303716,3000,3000,3000, 36 months,13.49,101.8,C,C1,1 year,33600,Not Verified,11-Dec,Fully Paid,n,debt_consolidation,AL,18.11,0,0,4,0,2745,83.2,7,f,0,0,3246.8,3246.8,0,0,2539.58,15-Jan,0,INDIVIDUAL,0,,,
1299004,12000,12000,12000, 36 months,16.77,426.47,D,D2,3 years,50000,Not Verified,11-Dec,Fully Paid,n,credit_card,MA,20.57,0,1,13,0,11443,97,19,f,0,0,15346.46687,15346.47,0,0,441.52,14-Dec,0,INDIVIDUAL,0,,,
1303514,14400,14400,14400, 36 months,8.9,457.25,A,A5,< 1 year,150000,Source Verified,11-Dec,Fully Paid,n,debt_consolidation,NY,14.85,0,0,12,0,63864,55,38,f,0,0,16459.51914,16459.52,0,0,464.02,14-Dec,0,INDIVIDUAL,0,,,
1303303,12000,12000,12000, 36 months,14.65,413.94,C,C3,10+ years,90000,Not Verified,11-Dec,Fully Paid,n,debt_consolidation,NJ,16.56,0,2,12,0,17116,78.5,36,f,0,0,12699.48,12699.48,0,0,11046.6,16-Jan,0,INDIVIDUAL,0,,,
1303482,11000,11000,11000, 36 months,13.49,373.24,C,C1,10+ years,48000,Verified,11-Dec,Fully Paid,n,debt_consolidation,TX,21.82,0,3,15,0,11382,65,29,f,0,0,13413.21605,13413.22,0,0,1491.29,14-Oct,0,INDIVIDUAL,0,,,
1302799,7250,7200,7175, 60 months,21.67,197.51,F,F3,< 1 year,75000,Verified,11-Dec,Fully Paid,n,debt_consolidation,CA,24.82,0,2,9,1,21706,91.2,19,f,0,0,8201.53,8173.07,0,0,6824.7,16-Jan,0,INDIVIDUAL,0,,,
1303437,15000,15000,15000, 36 months,7.9,469.36,A,A4,1 year,52000,Not Verified,11-Dec,Fully Paid,n,small_business,TX,9.65,0,1,11,0,1616,6.7,29,f,0,0,15557.64,15557.64,0,0,312.74,14-Mar,0,INDIVIDUAL,0,,,
1279714,18000,18000,18000, 60 months,19.91,475.99,E,E4,10+ years,65000,Not Verified,11-Dec,Fully Paid,n,debt_consolidation,FL,6.81,0,0,10,0,11745,77.8,40,f,0,0,26027.53964,26027.54,0,0,10783.73,14-Oct,0,INDIVIDUAL,0,,,
1303432,35000,22075,22050, 60 months,17.27,551.84,D,D3,3 years,150000,Verified,11-Dec,Fully Paid,n,home_improvement,NY,7.51,0,1,11,0,7334,53.3,31,f,0,0,28871.92,28839.26,0,0,15660.22,14-Feb,0,INDIVIDUAL,0,,,
1302869,10000,10000,10000, 36 months,14.27,343.09,C,C2,2 years,68000,Source Verified,11-Dec,Fully Paid,n,credit_card,PA,15.39,0,1,9,0,11303,81.3,15,f,0,0,10671.62,10671.62,0,0,8962.31,13-Feb,0,INDIVIDUAL,0,,,
1282013,11800,11800,11800, 36 months,12.69,395.83,B,B5,6 years,42000,Source Verified,11-Dec,Fully Paid,n,credit_card,NY,9.86,0,0,4,0,8940,74.8,13,f,0,0,14243.15837,14243.16,0,0,419.36,14-Dec,0,INDIVIDUAL,0,,,
1303403,4500,4500,4500, 36 months,6.03,136.96,A,A1,4 years,53000,Source Verified,11-Dec,Fully Paid,n,major_purchase,CA,4.44,0,0,7,0,8630,13.9,17,f,0,0,4930.30217,4930.3,0,0,138.95,14-Dec,0,INDIVIDUAL,0,,,
1303379,7000,7000,7000, 36 months,12.69,234.82,B,B5,10+ years,35000,Source Verified,11-Dec,Fully Paid,n,credit_card,CA,11.35,0,2,10,0,7649,82.3,26,f,0,0,8449.394742,8449.39,0,0,248.19,15-Nov,0,INDIVIDUAL,0,,,
1276120,9200,9200,9200, 36 months,12.42,307.43,B,B4,2 years,60000,Source Verified,11-Dec,Fully Paid,n,debt_consolidation,CA,19.96,0,3,8,0,23299,78.7,19,f,0,0,10480.84,10480.84,0,0,365.48,14-Jul,0,INDIVIDUAL,0,,,
1297940,14000,14000,13975, 60 months,17.27,349.98,D,D3,4 years,28000,Verified,11-Dec,Current,n,other,WA,6.34,0,2,5,0,6986,79.4,10,f,3842.41,3835.51,16777.04,16747.17,0,0,349.98,16-Jan,0,INDIVIDUAL,0,,,
1272024,4500,4500,4475, 60 months,10.65,97.06,B,B2,< 1 year,42000,Source Verified,11-Dec,Fully Paid,n,car,TX,5.4,0,0,4,0,8220,78.3,9,f,0,0,4907.8,4880.55,0,0,3946.24,12-Dec,0,INDIVIDUAL,0,,,
1303326,12000,12000,12000, 36 months,16.29,423.61,D,D1,9 years,88365,Verified,11-Dec,Fully Paid,n,debt_consolidation,AZ,16.85,0,0,6,0,22936,96.4,15,f,0,0,14685.36,14685.36,0,0,5800.45,15-Sep,0,INDIVIDUAL,0,,,
1303200,12000,12000,12000, 36 months,13.49,407.17,C,C1,4 years,72000,Source Verified,11-Dec,Fully Paid,n,debt_consolidation,CA,21.33,0,1,11,0,3419,27.6,19,f,0,0,13985.67622,13985.68,0,0,426.26,16-Jan,0,INDIVIDUAL,0,,,
1303163,12000,12000,12000, 36 months,10.65,390.88,B,B2,< 1 year,62000,Verified,11-Dec,Fully Paid,n,credit_card,TX,23.94,0,0,10,0,20310,78.4,51,f,0,0,12779.62,12779.62,0,0,10046.57,15-Jul,0,INDIVIDUAL,0,,,
1302938,7000,7000,7000, 36 months,10.65,228.02,B,B2,3 years,43680,Not Verified,11-Dec,Fully Paid,n,credit_card,MN,5.38,0,0,7,0,6245,78.1,11,f,0,0,7687.73,7687.73,0,0,4958.61,13-Feb,0,INDIVIDUAL,0,,,
1299785,8200,8200,8200, 60 months,19.42,214.62,E,E3,3 years,120000,Source Verified,11-Dec,Fully Paid,n,debt_consolidation,NY,2.8,0,2,5,0,10392,88.4,6,f,0,0,11894.8952,11894.9,0,0,4625.07,16-Jan,0,INDIVIDUAL,0,,,
1303150,10500,10500,10500, 36 months,12.69,352.23,B,B5,10+ years,66000,Verified,11-Dec,Fully Paid,n,medical,CA,20.73,1,2,8,0,5790,51.2,26,f,0,0,11232.14,11232.14,0,0,4421.32,12-Oct,0,INDIVIDUAL,0,,,
1303147,7000,7000,7000, 36 months,11.71,231.54,B,B3,4 years,39120,Not Verified,11-Dec,Fully Paid,n,debt_consolidation,FL,21.01,0,0,8,1,9414,52.4,26,f,0,0,7932.3,7932.3,0,0,4235.03,16-Jan,0,INDIVIDUAL,0,,,
1303001,15300,15300,15275, 60 months,22.06,423.1,F,F4,6 years,85000,Verified,11-Dec,Current,n,credit_card,VA,20.58,0,2,14,0,26524,89.7,27,f,4523.91,4516.51,20295.8,20262.65,0,0,423.1,16-Jan,0,INDIVIDUAL,0,,,
1280928,20000,12800,12775, 60 months,11.71,282.86,B,B3,4 years,47800,Verified,11-Dec,Fully Paid,n,debt_consolidation,VA,10.04,0,0,15,0,16447,46.3,27,f,0,0,15161.27,15131.66,0,0,9242.39,13-Nov,0,INDIVIDUAL,0,,,
1303143,17500,17500,17500, 60 months,17.27,437.47,D,D3,7 years,45000,Not Verified,11-Dec,Charged Off,n,credit_card,WA,21.31,0,2,13,0,20129,86.1,26,f,0,0,10037.1,10037.1,3486,625.617,437.47,15-Dec,0,INDIVIDUAL,0,,,
1302971,3500,3500,3500, 36 months,6.03,106.53,A,A1,10+ years,83000,Verified,11-Dec,Fully Paid,n,car,IL,2.31,0,0,6,0,3092,13.4,28,f,0,0,3834.66085,3834.66,0,0,107.86,14-Dec,0,INDIVIDUAL,0,,,
1302235,6000,6000,6000, 60 months,12.69,135.57,B,B5,< 1 year,81000,Source Verified,11-Dec,Current,n,major_purchase,CO,13.66,1,0,6,0,15102,50,17,f,1527.6,1527.6,6495.11,6495.11,0,0,135.57,16-Jan,0,INDIVIDUAL,0,,,
1302907,6200,6200,6200, 36 months,9.91,199.8,B,B1,2 years,25000,Not Verified,11-Dec,Charged Off,n,debt_consolidation,CA,20.64,0,2,7,0,6533,47.7,12,f,0,0,2452.22,2452.22,258.27,2.54,199.8,13-May,0,INDIVIDUAL,0,,,
1264291,16000,16000,16000, 60 months,17.58,402.65,D,D4,7 years,65000,Not Verified,11-Dec,Current,n,debt_consolidation,KS,15.56,0,0,8,0,21166,87.1,16,f,4415.97,4415.97,19297.95,19297.95,0,0,402.65,16-Jan,0,INDIVIDUAL,0,,,
1302906,6000,6000,6000, 36 months,8.9,190.52,A,A5,8 years,28800,Not Verified,11-Dec,Fully Paid,n,debt_consolidation,NJ,13.17,0,0,11,0,5269,36.8,13,f,0,0,6857.167486,6857.17,0,0,198.47,15-Dec,0,INDIVIDUAL,0,,,
1300833,7200,7200,7200, 36 months,9.91,232.02,B,B1,6 years,135000,Not Verified,11-Dec,Fully Paid,n,credit_card,NY,6.12,0,0,7,0,16627,79.6,18,f,0,0,8350.844344,8350.84,0,0,240.64,16-Jan,0,INDIVIDUAL,0,,,
1302930,9500,9500,9500, 36 months,8.9,301.66,A,A5,7 years,50000,Not Verified,11-Dec,Fully Paid,n,credit_card,TX,8.18,0,0,8,0,13422,60.5,13,f,0,0,10493.71,10493.71,0,0,5378.43,16-Jan,0,INDIVIDUAL,0,,,
1302924,18825,18825,18800, 60 months,16.77,465.53,D,D2,10+ years,38000,Verified,11-Dec,Charged Off,n,debt_consolidation,TX,23.18,0,0,6,0,11004,79.7,7,f,0,0,18218.25,18194.23,3343.79,575.2393,465.53,16-Jan,0,INDIVIDUAL,0,,,
1302942,24000,24000,24000, 36 months,10.65,781.76,B,B2,10+ years,45000,Verified,11-Dec,Fully Paid,n,debt_consolidation,CA,14.8,0,0,5,0,24708,55.2,9,f,0,0,28140.92936,28140.93,0,0,791.58,14-Dec,0,INDIVIDUAL,0,,,
1300950,6000,6000,6000, 36 months,13.49,203.59,C,C1,10+ years,80000,Not Verified,11-Dec,Fully Paid,n,debt_consolidation,CA,11.58,0,0,8,0,15499,83.8,16,f,0,0,7326.009787,7326.01,0,0,212.86,16-Jan,0,INDIVIDUAL,0,,,
1302879,6000,6000,6000, 36 months,13.49,203.59,C,C1,5 years,50000,Not Verified,11-Dec,Fully Paid,n,debt_consolidation,AZ,15.38,0,1,6,0,15191,91.5,7,f,0,0,7325.544153,7325.54,0,0,214.39,14-Dec,0,INDIVIDUAL,0,,,
1302706,2100,2100,2100, 36 months,12.42,70.18,B,B4,10+ years,30000,Not Verified,11-Dec,Fully Paid,n,vacation,LA,19.72,0,1,12,0,12183,82.9,26,f,0,0,2552.485243,2552.49,0,0,72.44,14-Nov,0,INDIVIDUAL,0,,,
1302680,5500,5500,5500, 36 months,6.62,168.88,A,A2,8 years,110000,Verified,11-Dec,Fully Paid,n,small_business,CT,9.69,0,0,7,0,14136,21.9,26,f,0,0,6077.875619,6077.88,0,0,178.58,14-Dec,0,INDIVIDUAL,0,,,
1302681,11000,11000,11000, 36 months,6.62,337.75,A,A2,8 years,45608,Source Verified,11-Dec,Fully Paid,n,debt_consolidation,LA,20.5,0,0,7,0,10677,58.7,11,f,0,0,12156.85732,12156.86,0,0,349.86,16-Jan,0,INDIVIDUAL,0,,,
1302831,26800,26800,26800, 60 months,20.89,723.38,F,F1,3 years,120000,Verified,11-Dec,Fully Paid,n,debt_consolidation,FL,12.15,0,0,13,0,14772,48,18,f,0,0,32887.69,32887.69,0,0,23499.05,16-Jan,0,INDIVIDUAL,0,,,
1277297,8000,8000,8000, 36 months,12.69,268.36,B,B5,5 years,35000,Not Verified,11-Dec,Fully Paid,n,debt_consolidation,IL,10.05,0,0,7,0,6842,97.7,18,f,0,0,8999.1,8999.1,0,0,5514.5,15-Jun,0,INDIVIDUAL,0,,,
1302365,10000,10000,10000, 36 months,18.25,362.78,D,D5,1 year,75000,Source Verified,11-Dec,Charged Off,n,credit_card,CA,24.14,0,0,9,0,22828,96.3,26,f,0,0,11730.6,11730.6,229.06,2.2906,200,15-Jan,0,INDIVIDUAL,0,,,
1287293,8000,8000,8000, 36 months,11.71,264.61,B,B3,9 years,35000,Verified,11-Dec,Fully Paid,n,credit_card,NV,9.7,0,0,7,0,6142,46.5,8,f,0,0,9434.776936,9434.78,0,0,2295.56,14-Apr,0,INDIVIDUAL,0,,,
1293438,10000,10000,10000, 36 months,8.9,317.54,A,A5,6 years,24000,Verified,11-Dec,Fully Paid,n,debt_consolidation,CA,7,0,0,6,0,6734,49.5,21,f,0,0,10868.92,10868.92,0,0,6743.26,13-Mar,0,INDIVIDUAL,0,,,
1302622,12000,12000,12000, 36 months,11.71,396.92,B,B3,2 years,126000,Not Verified,11-Dec,Fully Paid,n,debt_consolidation,OH,13.32,0,0,17,0,32711,54.1,38,f,0,0,14182.29986,14182.3,0,0,3074.04,16-Jan,0,INDIVIDUAL,0,,,
1302785,10000,10000,10000, 36 months,7.9,312.91,A,A4,1 year,43000,Not Verified,11-Dec,Fully Paid,n,debt_consolidation,CA,25.26,0,0,8,0,8215,37.2,16,f,0,0,11264.00958,11264.01,0,0,4.84,15-Jan,0,INDIVIDUAL,0,,,
1302773,12000,12000,12000, 36 months,9.91,386.7,B,B1,1 year,50000,Not Verified,11-Dec,Fully Paid,n,debt_consolidation,CA,16.44,0,1,11,0,14335,29.3,25,f,0,0,13920.02507,13920.03,0,0,392.03,15-Jan,0,INDIVIDUAL,0,,,
1302588,25000,25000,23088.16106, 60 months,13.49,575.12,C,C1,10+ years,67000,Verified,11-Dec,Charged Off,n,credit_card,AK,14.15,0,0,6,0,15319,91.2,21,f,0,0,23880.65,20309.6,2010.58,361.9044,1179,15-Jul,0,INDIVIDUAL,0,,,
1302360,19750,19750,19725, 36 months,10.65,643.33,B,B2,4 years,45000,Verified,11-Dec,Charged Off,n,debt_consolidation,OR,22.8,0,0,12,0,16576,54.2,28,f,0,0,11930.65,11915.62,641.29,6.412899997,787.01,13-Nov,0,INDIVIDUAL,0,,,
1302430,10000,10000,10000, 36 months,9.91,322.25,B,B1,3 years,31200,Source Verified,11-Dec,Fully Paid,n,debt_consolidation,NY,14.81,0,0,13,0,5540,27,19,f,0,0,10904.24,10904.24,0,0,6912.69,15-Mar,0,INDIVIDUAL,0,,,
1299748,13650,13650,13650, 36 months,12.42,456.12,B,B4,4 years,66000,Verified,11-Dec,Fully Paid,n,debt_consolidation,NV,24.09,0,0,11,0,8933,56.5,34,f,0,0,16011.18,16011.18,0,0,5980.83,16-Jan,0,INDIVIDUAL,0,,,
1302564,28000,11800,11775, 60 months,19.91,312.04,E,E4,10+ years,52000,Verified,11-Dec,Charged Off,n,debt_consolidation,TX,20.7,0,0,10,0,29178,87.6,16,f,0,0,12173.07,12147.29,3132.16,563.7888,312.04,14-Sep,0,INDIVIDUAL,0,,,
1302728,18000,18000,18000, 36 months,7.9,563.23,A,A4,10+ years,56964,Source Verified,11-Dec,Fully Paid,n,debt_consolidation,CA,27.55,0,0,7,0,17381,76.6,20,f,0,0,20275.33655,20275.34,0,0,567.29,16-Jan,0,INDIVIDUAL,0,,,
1302565,2500,2500,2500, 36 months,14.27,85.78,C,C2,7 years,49500,Source Verified,11-Dec,Fully Paid,n,debt_consolidation,FL,10.33,0,1,7,0,9868,37.7,20,f,0,0,2529.9,2529.9,0,0,2530.74,12-Feb,0,INDIVIDUAL,0,,,
1299784,21000,21000,20120.80657, 60 months,20.3,559.89,E,E5,10+ years,70000,Verified,11-Dec,Fully Paid,n,credit_card,CO,23.21,0,2,17,0,12508,70.7,25,f,0,0,27085.42,24851.07,0,0,17029.75,16-Jan,0,INDIVIDUAL,0,,,
1302729,35000,35000,35000, 36 months,8.9,1111.37,A,A5,6 years,125000,Verified,11-Dec,Fully Paid,n,debt_consolidation,CA,22.71,0,0,8,0,9051,34.8,32,f,0,0,40006.54992,40006.55,0,0,1123.85,14-Dec,0,INDIVIDUAL,0,,,
1302549,10000,10000,10000, 36 months,7.51,311.11,A,A3,3 years,33000,Not Verified,11-Dec,Fully Paid,n,credit_card,NJ,9.75,0,1,9,0,68,0.6,19,f,0,0,11027.3,11027.3,0,0,4190.34,13-Nov,0,INDIVIDUAL,0,,,
1291305,7000,7000,7000, 36 months,12.69,234.82,B,B5,< 1 year,30000,Source Verified,11-Dec,Fully Paid,n,credit_card,VA,15.8,0,2,7,0,15455,47.6,11,f,0,0,8452.256793,8452.26,0,0,238.06,15-Jan,0,INDIVIDUAL,0,,,
1300572,24000,24000,24000, 36 months,15.96,843.3,C,C5,8 years,90000,Source Verified,11-Dec,Charged Off,n,home_improvement,CA,9.17,0,1,9,0,30952,71.2,23,f,0,0,5895.68,5895.68,0,0,843.3,16-Jan,0,INDIVIDUAL,0,,,
1295780,10625,10625,10625, 36 months,7.51,330.56,A,A3,5 years,23000,Not Verified,11-Dec,Fully Paid,n,medical,OR,18.89,0,1,9,0,7114,43.4,21,f,0,0,11841.94071,11841.94,0,0,2594.01,15-Oct,0,INDIVIDUAL,0,,,
1302311,5000,5000,5000, 36 months,14.65,172.48,C,C3,2 years,24000,Source Verified,11-Dec,Fully Paid,n,debt_consolidation,PA,18.3,0,2,5,0,2429,33.3,9,f,0,0,5682.08,5682.08,0,0,3615.46,16-Jan,0,INDIVIDUAL,0,,,
1302299,8850,8850,8850, 36 months,6.62,271.73,A,A2,10+ years,62000,Source Verified,11-Dec,Fully Paid,n,credit_card,MD,17.71,0,0,7,0,9466,35.9,19,f,0,0,9781.605755,9781.61,0,0,5.67,16-Jan,0,INDIVIDUAL,0,,,
1302295,6375,6375,6375, 36 months,7.51,198.34,A,A3,4 years,44000,Source Verified,11-Dec,Fully Paid,n,debt_consolidation,GA,4.8,0,0,7,0,6324,58,11,f,0,0,6737.55,6737.55,0,0,2585.54,16-Jan,0,INDIVIDUAL,0,,,
1302467,6000,6000,6000, 36 months,11.71,198.46,B,B3,1 year,90000,Not Verified,11-Dec,Fully Paid,n,credit_card,NJ,2.97,1,0,10,0,8489,56.6,23,f,0,0,7041.293751,7041.29,0,0,2082.79,14-Mar,0,INDIVIDUAL,0,,,
1302472,11100,11100,11100, 36 months,6.62,340.82,A,A2,10+ years,41000,Verified,11-Dec,Charged Off,n,credit_card,PA,29.85,0,1,8,0,17518,62.3,18,f,0,0,8120.14,8120.14,626.5,6.265000001,340.82,14-Mar,0,INDIVIDUAL,0,,,
1302044,10000,10000,10000, 60 months,12.69,225.95,B,B5,2 years,56000,Source Verified,11-Dec,Fully Paid,n,debt_consolidation,CA,10.82,0,1,11,0,10081,31.2,18,f,0,0,12727.42606,12727.43,0,0,5526.53,14-Sep,0,INDIVIDUAL,0,,,
1292431,6200,6200,6200, 36 months,6.03,188.71,A,A1,5 years,26500,Not Verified,11-Dec,Fully Paid,n,small_business,WV,18.2,0,0,6,0,2982,16,18,f,0,0,6793.070094,6793.07,0,0,1.83,15-Jan,0,INDIVIDUAL,0,,,
1293317,15000,15000,15000, 36 months,18.64,547.12,E,E1,1 year,54000,Not Verified,11-Dec,Fully Paid,n,debt_consolidation,GA,19.69,0,2,9,0,15183,90.3,12,f,0,0,19401.71938,19401.72,0,0,4641.23,16-Jan,0,INDIVIDUAL,0,,,
1302453,4200,4200,4200, 36 months,11.71,138.92,B,B3,2 years,53000,Not Verified,11-Dec,Fully Paid,n,other,MD,16.91,0,0,15,0,8336,79.7,22,f,0,0,5000.46251,5000.46,0,0,141.26,15-Jun,0,INDIVIDUAL,0,,,
1301537,14000,14000,14000, 36 months,14.27,480.33,C,C2,4 years,52800,Not Verified,11-Dec,Fully Paid,n,debt_consolidation,CA,7.36,0,1,9,0,13378,70.8,14,f,0,0,14487.95,14487.95,0,0,13531.87,12-Apr,0,INDIVIDUAL,0,,,
1030901,8875,8875,8875, 36 months,7.51,276.11,A,A3,1 year,38000,Not Verified,11-Dec,Fully Paid,n,debt_consolidation,GA,23.53,0,1,13,0,19056,62.1,27,f,0,0,9712.65,9712.65,0,0,4472.8,13-Sep,0,INDIVIDUAL,0,,,
1296092,13500,13500,13500, 36 months,9.91,435.04,B,B1,7 years,38000,Verified,11-Dec,Fully Paid,n,debt_consolidation,CA,12.38,0,1,3,0,16023,67.3,7,f,0,0,15657.93938,15657.94,0,0,307.62,15-Jan,0,INDIVIDUAL,0,,,
1302450,12000,12000,12000, 36 months,9.91,386.7,B,B1,2 years,42000,Not Verified,11-Dec,Charged Off,n,debt_consolidation,MN,7.83,0,2,8,0,9749,65.4,16,f,0,0,11234.49,11234.49,414.89,4.148900002,386.7,15-Oct,0,INDIVIDUAL,0,,,
1302449,16000,16000,15975, 60 months,19.91,423.11,E,E4,4 years,55000,Verified,11-Dec,Fully Paid,n,debt_consolidation,WA,15.8,0,0,8,0,7743,72.4,19,f,0,0,22277.26289,22242.46,0,0,10869.79,14-May,0,INDIVIDUAL,0,,,
1270159,21600,21600,20498.26578, 60 months,19.42,565.32,E,E3,8 years,60000,Source Verified,11-Dec,Fully Paid,n,debt_consolidation,GA,16.74,1,0,6,0,13354,78.1,21,f,0,0,27580.75,24853.63,0,0,17416.49,16-Jan,0,INDIVIDUAL,0,,,
1302434,6000,6000,6000, 36 months,10.65,195.44,B,B2,6 years,87000,Not Verified,11-Dec,Fully Paid,n,home_improvement,NJ,12.86,2,0,12,0,11739,40.5,22,f,0,0,6999.427407,6999.43,0,0,1335.92,16-Jan,0,INDIVIDUAL,0,,,
1289398,8450,8450,8425, 60 months,16.77,208.97,D,D2,5 years,25000,Verified,11-Dec,Fully Paid,n,debt_consolidation,IL,22.51,0,2,6,0,17614,83.5,21,f,0,0,12188.56442,12152.55,0,0,3239.35,15-Sep,0,INDIVIDUAL,0,,,
1276836,20000,20000,18590.33777, 60 months,13.49,460.1,C,C1,1 year,82000,Not Verified,11-Dec,Fully Paid,n,credit_card,OH,17.68,0,0,13,0,26693,61.4,23,f,0,0,26397.31306,23747.15,0,0,9848.46,16-Jan,0,INDIVIDUAL,0,,,
1302151,10000,10000,10000, 36 months,11.71,330.76,B,B3,8 years,60000,Not Verified,11-Dec,Charged Off,n,debt_consolidation,CA,22.08,0,0,8,0,5626,29.3,26,f,0,0,6002.23,6002.23,319.46,57.5028,62.38,13-Nov,0,INDIVIDUAL,0,,,
1302174,12000,12000,12000, 36 months,16.29,423.61,D,D1,5 years,80000,Verified,11-Dec,Fully Paid,n,credit_card,GA,18.18,0,0,8,0,29609,97.2,11,f,0,0,14946.56002,14946.56,0,0,4368.56,16-Jan,0,INDIVIDUAL,0,,,
1302371,13475,13475,13450, 60 months,13.49,309.99,C,C1,10+ years,25000,Verified,11-Dec,Charged Off,n,credit_card,CA,21.89,0,1,7,0,9943,65.8,14,f,0,0,6198.89,6187.44,0,0,28,16-Jan,0,INDIVIDUAL,0,,,
1284571,7200,7200,7200, 36 months,12.42,240.59,B,B4,5 years,48000,Not Verified,11-Dec,Fully Paid,n,major_purchase,IL,17.43,0,1,7,0,16450,80.2,10,f,0,0,8677.15634,8677.16,0,0,19.26,15-Dec,0,INDIVIDUAL,0,,,
1247741,5600,5600,5600, 36 months,14.65,193.17,C,C3,1 year,85000,Not Verified,11-Dec,Charged Off,n,debt_consolidation,AZ,12.24,1,3,8,0,6812,90.8,31,f,0,0,1350.86,1350.86,0,0,193.17,16-Jan,0,INDIVIDUAL,0,,,
1298688,12000,12000,11975, 36 months,14.27,411.71,C,C2,< 1 year,57000,Verified,11-Dec,Fully Paid,n,debt_consolidation,CA,10.86,0,1,7,0,9273,81.5,11,f,0,0,14396.58,14366.62,0,0,5359.38,15-Nov,0,INDIVIDUAL,0,,,
1301487,8500,8500,8500, 36 months,6.03,258.71,A,A1,2 years,25000,Not Verified,11-Dec,Fully Paid,n,credit_card,MD,1.73,0,0,6,0,2463,28,18,f,0,0,9074.73,9074.73,0,0,4936.27,13-May,0,INDIVIDUAL,0,,,
1302322,8000,8000,8000, 36 months,9.91,257.8,B,B1,2 years,34000,Source Verified,11-Dec,Fully Paid,n,credit_card,PA,18.28,0,0,6,0,7434,78.5,7,f,0,0,9279.812752,9279.81,0,0,262.31,16-Jan,0,INDIVIDUAL,0,,,
1289083,8000,8000,8000, 36 months,12.42,267.33,B,B4,10+ years,40000,Not Verified,11-Dec,Fully Paid,n,credit_card,OR,15,0,0,10,0,18601,88.2,11,f,0,0,9622.78032,9622.78,0,0,269.73,15-Jan,0,INDIVIDUAL,0,,,
1301868,16000,16000,8150, 60 months,15.27,382.92,C,C4,10+ years,42656.4,Source Verified,11-Dec,Fully Paid,n,debt_consolidation,GA,17.44,0,1,4,0,12830,92.3,17,f,0,0,22394.08,11406.98,0,0,199.56,15-Nov,0,INDIVIDUAL,0,,,
1294027,15000,15000,15000, 36 months,17.27,536.81,D,D3,2 years,44400,Source Verified,11-Dec,Fully Paid,n,house,FL,3.59,1,0,6,1,4582,91.6,16,f,0,0,17991.53,17991.53,0,0,9412.4,16-Jan,0,INDIVIDUAL,0,,,
1301839,10000,10000,10000, 36 months,9.91,322.25,B,B1,2 years,30000,Not Verified,11-Dec,Fully Paid,n,debt_consolidation,VT,11.24,0,1,8,0,9152,66.8,30,f,0,0,11386.43022,11386.43,0,0,369.43,16-Jan,0,INDIVIDUAL,0,,,
1291030,10000,10000,10000, 36 months,6.62,307.04,A,A2,5 years,70000,Not Verified,11-Dec,Fully Paid,n,credit_card,NY,16.78,0,0,9,0,10770,69,18,f,0,0,10902.91,10902.91,0,0,4152.52,15-Aug,0,INDIVIDUAL,0,,,
1294481,8000,8000,8000, 36 months,14.65,275.96,C,C3,3 years,28000,Not Verified,11-Dec,Fully Paid,n,car,CA,12.6,0,1,8,0,6187,54.3,11,f,0,0,8636.82,8636.82,0,0,6983.56,16-Jan,0,INDIVIDUAL,0,,,
1302055,22000,22000,22000, 36 months,9.91,708.95,B,B1,2 years,50000,Verified,11-Dec,Fully Paid,n,debt_consolidation,MI,13.22,0,4,17,0,21470,49.8,32,f,0,0,25521.09572,25521.1,0,0,1430.05,14-Dec,0,INDIVIDUAL,0,,,
1301833,6000,6000,6000, 36 months,14.27,205.86,C,C2,10+ years,94800,Verified,11-Dec,Fully Paid,n,car,TX,24.53,0,1,13,0,71890,95.9,30,f,0,0,7215.05,7215.05,0,0,1960.88,14-Jun,0,INDIVIDUAL,0,,,
1302043,16000,16000,15975, 60 months,9.91,339.25,B,B1,10+ years,40000,Verified,11-Dec,Current,n,debt_consolidation,FL,9.39,0,1,6,0,13270,28.5,23,f,3861.12,3855.09,16282.75,16257.31,0,0,339.25,16-Jan,0,INDIVIDUAL,0,,,
1302032,2500,2500,2500, 36 months,7.51,77.78,A,A3,,12000,Source Verified,11-Dec,Charged Off,n,debt_consolidation,CA,16.3,0,2,13,0,4853,42.2,20,f,0,0,1838.88,1838.88,10.08,0,77.78,16-Jan,0,INDIVIDUAL,0,,,
1294350,13500,13500,13500, 36 months,9.91,435.04,B,B1,2 years,36000,Source Verified,11-Dec,Fully Paid,n,credit_card,DC,22.93,0,1,13,0,25011,67.2,15,f,0,0,15621.26606,15621.27,0,0,1706.24,16-Jan,0,INDIVIDUAL,0,,,
1301822,25000,25000,25000, 36 months,12.42,835.39,B,B4,2 years,225000,Verified,11-Dec,Fully Paid,n,debt_consolidation,NJ,8.32,1,0,11,0,30449,34.6,23,f,0,0,30071.72882,30071.73,0,0,842.08,14-Dec,0,INDIVIDUAL,0,,,
1301804,10000,10000,10000, 36 months,13.49,339.31,C,C1,2 years,45900,Verified,11-Dec,Fully Paid,n,small_business,CA,24.97,0,2,10,0,8936,48.3,12,f,0,0,12174.48231,12174.48,0,0,1669.38,16-Jan,0,INDIVIDUAL,0,,,
1301984,2500,2500,2500, 36 months,13.49,84.83,C,C1,4 years,27200,Not Verified,11-Dec,Fully Paid,n,debt_consolidation,WA,6.44,0,0,6,0,3473,68.1,6,f,0,0,3050.276004,3050.28,0,0,95.98,14-Dec,0,INDIVIDUAL,0,,,
1301961,7325,7325,7325, 36 months,12.69,245.72,B,B5,1 year,42000,Not Verified,11-Dec,Fully Paid,n,debt_consolidation,FL,22.57,0,3,12,0,7281,65,29,f,0,0,8844.700842,8844.7,0,0,249.25,15-Jan,0,INDIVIDUAL,0,,,
1301944,4000,4000,4000, 36 months,12.42,133.67,B,B4,5 years,135000,Verified,11-Dec,Fully Paid,n,credit_card,NY,12.12,0,3,11,0,29311,85.7,21,f,0,0,4337.11,4337.11,0,0,3270.11,15-Nov,0,INDIVIDUAL,0,,,
1301744,10000,10000,10000, 36 months,13.49,339.31,C,C1,5 years,65000,Not Verified,11-Dec,Charged Off,n,small_business,CA,6.92,1,2,12,0,14292,69.5,17,f,0,0,9270.84,9270.84,459.53,4.4878,339.31,14-Jul,0,INDIVIDUAL,0,,,
1301933,7750,7750,7750, 36 months,17.27,277.36,D,D3,< 1 year,24000,Not Verified,11-Dec,Charged Off,n,debt_consolidation,IL,16.1,0,1,4,0,2348,67.1,7,f,0,0,6934,6934,11.91,0,277.36,16-Jan,0,INDIVIDUAL,0,,,
1294536,20000,20000,20000, 60 months,20.89,539.84,F,F1,6 years,70000,Source Verified,11-Dec,Charged Off,n,debt_consolidation,FL,16.63,0,1,10,0,10470,79.9,24,f,0,0,5425.96,5425.96,1073.61,10.48,591.09,13-Feb,0,INDIVIDUAL,0,,,
1301036,9600,9600,9600, 36 months,12.42,320.79,B,B4,10+ years,65000,Verified,11-Dec,Fully Paid,n,debt_consolidation,NY,11.65,0,0,6,0,11279,70.9,11,f,0,0,11337.71,11337.71,0,0,3643.9,16-Jan,0,INDIVIDUAL,0,,,
1301506,21000,21000,21000, 60 months,11.71,464.07,B,B3,3 years,60000,Not Verified,11-Dec,Charged Off,n,debt_consolidation,CA,6.62,0,0,7,0,10543,79.9,11,f,0,0,3708.24,3708.24,0,0,464.07,12-Aug,0,INDIVIDUAL,0,,,
1301703,14000,14000,14000, 36 months,10.65,456.03,B,B2,3 years,30000,Source Verified,11-Dec,Fully Paid,n,credit_card,CT,15.52,0,0,7,0,15542,65.6,14,f,0,0,15200.08,15200.08,0,0,10643.16,12-Dec,0,INDIVIDUAL,0,,,
1300973,13350,13350,13350, 36 months,12.42,446.1,B,B4,10+ years,43000,Not Verified,11-Dec,Fully Paid,n,debt_consolidation,CA,20.57,0,0,7,0,11531,95.3,15,f,0,0,16058.39442,16058.39,0,0,449.39,16-Jan,0,INDIVIDUAL,0,,,
1301699,15000,15000,15000, 36 months,16.77,533.08,D,D2,10+ years,42000,Verified,11-Dec,Charged Off,n,debt_consolidation,WI,19.63,0,2,10,0,8238,74.9,38,f,0,0,13373.77,13373.77,1084.71,40.78310001,188.69,14-Apr,0,INDIVIDUAL,0,,,
1301481,15000,15000,15000, 36 months,17.27,536.81,D,D3,8 years,75000,Source Verified,11-Dec,Charged Off,n,debt_consolidation,CA,16.03,0,0,10,0,13505,75.9,17,f,0,0,10198.4,10198.4,15.16,5.64,536.81,16-Jan,0,INDIVIDUAL,0,,,
1277832,11000,11000,10750, 60 months,13.49,253.06,C,C1,10+ years,129000,Verified,11-Dec,Current,n,debt_consolidation,CA,10.94,0,0,10,0,1735,24.1,31,f,2841.5,2777.27,12119.38,11843.35,0,0,253.06,16-Jan,0,INDIVIDUAL,0,,,
1301459,35000,35000,35000, 36 months,10.65,1140.07,B,B2,2 years,168000,Verified,11-Dec,Fully Paid,n,debt_consolidation,TX,3.17,1,1,16,0,1099,1.4,22,f,0,0,38059.76,38059.76,0,0,272.59,13-Sep,0,INDIVIDUAL,0,,,
1301465,9000,9000,9000, 36 months,10.65,293.16,B,B2,9 years,74000,Source Verified,11-Dec,Fully Paid,n,credit_card,SD,8.89,0,0,7,0,7388,71.7,10,f,0,0,10552.7928,10552.79,0,0,6.65,16-Jan,0,INDIVIDUAL,0,,,
1292842,22475,22475,22425, 60 months,15.27,537.87,C,C4,7 years,52000,Verified,11-Dec,Current,n,debt_consolidation,NH,15.23,0,1,7,0,18554,61.8,23,f,5962.67,5949.34,25796.01,25738.74,0,0,537.87,16-Jan,0,INDIVIDUAL,0,,,
1301632,16000,16000,16000, 36 months,12.69,536.72,B,B5,1 year,58500,Source Verified,11-Dec,Charged Off,n,debt_consolidation,IL,20.64,0,0,8,0,26224,89.3,10,f,0,0,12295.72,12295.72,10.47,1.779900003,528.58,16-Jan,0,INDIVIDUAL,0,,,
1301658,13500,13500,13500, 36 months,12.69,452.86,B,B5,5 years,71000,Source Verified,11-Dec,Fully Paid,n,debt_consolidation,VA,11.97,0,2,4,0,6681,77.7,11,f,0,0,16301.54517,16301.55,0,0,456.95,14-Dec,0,INDIVIDUAL,0,,,
1301436,24000,24000,24000, 36 months,12.69,805.08,B,B5,10+ years,75000,Verified,11-Dec,Fully Paid,n,debt_consolidation,WA,11.6,0,0,10,0,21609,84.6,33,f,0,0,28978.67895,28978.68,0,0,819.13,16-Jan,0,INDIVIDUAL,0,,,
1301654,12000,12000,12000, 36 months,10.65,390.88,B,B2,5 years,60000,Not Verified,11-Dec,Fully Paid,n,credit_card,CA,10.84,0,1,12,0,11849,48.8,18,f,0,0,14070.39864,14070.4,0,0,396.1,16-Jan,0,INDIVIDUAL,0,,,
1301634,8400,8400,8150, 60 months,16.77,207.73,D,D2,5 years,87996,Not Verified,11-Dec,Current,n,major_purchase,NY,11.35,0,0,8,0,9551,80.3,13,f,2295.64,2227.76,9940.54,9643.84,0,0,207.73,16-Jan,0,INDIVIDUAL,0,,,
1300826,28000,28000,27975, 60 months,17.58,704.64,D,D4,5 years,140000,Verified,11-Dec,Fully Paid,n,home_improvement,NC,12.07,0,1,13,0,2686,13.4,24,f,0,0,28411.15,28385.78,0,0,28412.43,12-Jan,0,INDIVIDUAL,0,,,
1301392,14000,14000,14000, 36 months,6.62,429.86,A,A2,10+ years,66000,Source Verified,11-Dec,Fully Paid,n,debt_consolidation,VA,11.15,0,1,7,0,12095,35.4,46,f,0,0,15450.08422,15450.08,0,0,2133.17,14-Aug,0,INDIVIDUAL,0,,,
1301405,12000,12000,12000, 36 months,14.27,411.71,C,C2,8 years,70000,Not Verified,11-Dec,Charged Off,n,other,NY,8.4,0,1,7,0,11546,86.2,12,f,0,0,4241.16,4241.16,543.42,5.32,411.71,13-Feb,0,INDIVIDUAL,0,,,
1301397,25000,25000,25000, 36 months,11.71,826.9,B,B3,10+ years,100000,Verified,11-Dec,Fully Paid,n,debt_consolidation,RI,6.88,0,1,8,0,21128,89.1,18,f,0,0,29277.57384,29277.57,0,0,1122.55,14-Aug,0,INDIVIDUAL,0,,,
1299445,9000,9000,9000, 36 months,12.69,301.91,B,B5,5 years,50000,Source Verified,11-Dec,Fully Paid,n,debt_consolidation,NY,17.81,0,1,13,0,12752,55.4,21,f,0,0,10867.20998,10867.21,0,0,306.11,15-Sep,0,INDIVIDUAL,0,,,
1301395,13250,13250,13250, 36 months,10.65,431.6,B,B2,4 years,35000,Not Verified,11-Dec,Fully Paid,n,debt_consolidation,OH,24.93,0,2,11,0,13392,58.7,25,f,0,0,15535.93186,15535.93,0,0,437.68,16-Jan,0,INDIVIDUAL,0,,,
1293509,20000,20000,20000, 36 months,13.49,678.61,C,C1,6 years,75000,Verified,11-Dec,Fully Paid,n,debt_consolidation,CA,22.38,0,1,7,0,19548,90.8,17,f,0,0,23861.58,23861.58,0,0,8269.74,16-Jan,0,INDIVIDUAL,0,,,
